dataset,ratio_evaluation,evaluation_method,feature_selection,learner,accuracy,f1_score,precision,recall,top 1,top 2,top 3,top 4,top 5,top 6,top 7,top 8,top 9,top 10
turma_1,1.0,xvalidation (k=10),chi2 (10),naive_bayes,0.7804878048780488,0.64,0.5333333333333333,0.8,grades_between_0_2_5,activities_incomplete_majority,activities_complete_majority,grades_below_5,grades_average,grades_below_mean,partial_presence,grades_between_5_7_5,activities_incomplete,attendance_below_mean
turma_1,0.75,xvalidation (k=10),chi2 (10),naive_bayes,0.7707317073170732,0.6356589147286822,0.5189873417721519,0.82,activities_incomplete_majority,activities_complete_majority,grades_average,grades_between_0_2_5,activities_incomplete,partial_presence,grades_below_5,grades_between_7_5_10,grades_below_mean,attendance_below_mean
turma_1,0.5,xvalidation (k=10),chi2 (10),naive_bayes,0.7463414634146341,0.6119402985074627,0.4880952380952381,0.82,activities_incomplete,activities_incomplete_majority,grades_between_0_2_5,grades_below_5,grades_below_mean,activities_complete_majority,grades_average,grades_between_5_7_5,partial_presence,grades_between_7_5_10
turma_1,0.25,xvalidation (k=10),chi2 (10),naive_bayes,0.7951219512195122,0.6744186046511629,0.5506329113924051,0.87,grades_between_0_2_5,activities_incomplete,activities_incomplete_majority,partial_presence,grades_below_5,grades_below_mean,attendance_below_mean,activities_complete_majority,grades_average,grades_between_7_5_10
turma_2,1.0,xvalidation (k=10),chi2 (10),naive_bayes,0.9534883720930233,0.9411764705882353,0.8888888888888888,1.0,grades_between_0_2_5,grades_below_mean,grades_between_7_5_10,activities_complete_majority,grades_average,activities_incomplete_majority,activities_complete_minority,grades_below_5,activities_incomplete,activities_incomplete_minority
turma_2,0.75,xvalidation (k=10),chi2 (10),naive_bayes,0.9418604651162791,0.927536231884058,0.8648648648648649,1.0,grades_below_5,grades_below_mean,activities_incomplete,activities_incomplete_majority,grades_between_0_2_5,activities_complete_majority,grades_between_7_5_10,grades_average,grades_between_2_5_5,missing
turma_2,0.5,xvalidation (k=10),chi2 (10),naive_bayes,0.9372093023255814,0.9217391304347826,0.8594594594594595,0.99375,activities_incomplete_majority,activities_incomplete,activities_complete_majority,grades_between_7_5_10,grades_average,grades_between_0_2_5,grades_below_mean,grades_below_5,activities_complete_minority,activities_incomplete_minority
turma_2,0.25,xvalidation (k=10),chi2 (10),naive_bayes,0.9267441860465117,0.9063893016344726,0.8640226628895185,0.953125,activities_incomplete_majority,activities_incomplete,grades_between_0_2_5,grades_below_mean,grades_below_5,activities_complete_majority,grades_between_7_5_10,grades_average,missing,attendance_below_mean
